{
  "total_chunks": 1513,
  "total_vectors": 1513,
  "dimension": 768,
  "model_chunks": 1476,
  "other_chunks": 37,
  "chunks_with_prices": 0,
  "chunks_with_specs": 0,
  "avg_text_length": 312.72108393919365,
  "created_at": "2026-01-24T13:50:20.280648",
  "top_models": {
    "X3": 741,
    "i4": 529,
    "X1": 427,
    "X5": 307,
    "iX": 221,
    "M5": 126,
    "M3": 45
  }
}