{
  "total_chunks": 671,
  "avg_chunk_size": 771.4232488822653,
  "avg_token_estimate": 192.43666169895678,
  "min_chars": 153,
  "max_chars": 800,
  "model_chunks": 646,
  "other_chunks": 25,
  "chunks_with_prices": 234,
  "chunks_with_engine_specs": 275,
  "saved_at": "2026-01-16T14:41:19.083230"
}