{
  "total_chunks": 646,
  "avg_chunk_size": 776.1160990712075,
  "avg_token_estimate": 193.60835913312692,
  "min_chars": 153,
  "max_chars": 800,
  "model_chunks": 646,
  "other_chunks": 0,
  "chunks_with_prices": 234,
  "chunks_with_engine_specs": 269,
  "saved_at": "2026-01-16T14:41:19.158163"
}